id,first_name,last_name,email,gender,ip_address,birth_date,group,is_pensioneer
1,Ginger,Mackney,gmackney0@china.com.cn,Male,180.48.88.217,1/22/1971,90,true
2,Lexi,Folger,lfolger1@zdnet.com,Female,140.108.144.193,11/14/1991,53,true
3,Hector,Synke,hsynke2@ustream.tv,Male,11.192.181.100,1/11/1975,19,true
4,Myrtle,Ceschelli,mceschelli3@google.pl,Female,210.62.134.162,9/28/1958,76,false
5,Howard,Bramsom,hbramsom4@google.com.hk,Male,139.249.168.182,10/23/1962,4O5,true
6,Jemimah,Broadis,jbroadis5@github.com,Female,234.179.52.53,6/22/1983,28,false
7,Culver,Joncic,cjoncic6@ebay.co.uk,Male,64.128.149.207,7/23/2008,54,false
8,Eleanor,Vautrey,evautrey7@theatlantic.com,Female,76.135.250.35,4/18/1956,89,false
9,Dirk,Dymoke,ddymoke8@alexa.com,Male,236.204.229.60,6/2/2006,15,true
10,Kip,Tofano,ktofano9@washington.edu,Female,54.4.229.205,4/8/1972,20,true
11,Hershel,Gilbart,hgilbarta@sphinn.com,Male,138.193.71.235,3/17/2006,60,true
12,Clari,Lindblad,clindbladb@dailymail.co.uk,Female,159.189.90.23,2/17/1977,79,true
13,Kaja,Harsent,kharsentc@pen.io,Female,203.185.171.49,3/12/1952,22,false
14,Penrod,Whiteway,pwhitewayd@goodreads.com,Male,22.238.77.212,8/20/2009,36,true
15,Ruperta,Fookes,rfookese@examiner.com,Female,244.62.215.195,5/21/2012,100,true
16,Madalena,Mattei,mmatteif@wordpress.org,Female,120.56.124.249,7/9/1954,20,false
17,Jule,Marguerite,jmargueriteg@state.gov,Male,213.170.143.241,4/19/1982,81,false
18,Celina,Rolfini,crolfinih@msu.edu,Female,194.243.68.24,12/25/1982,14,false
19,Ody,Dyter,odyteri@imgur.com,Male,15.152.69.18,9/22/2002,9,true
20,Freda,Harcombe,fharcombej@alibaba.com,Female,26.172.157.186,5/31/1951,85A,true
21,Luz,Syphas,lsyphask@oracle.com,Female,41.43.107.216,9/23/2008,2,true
22,Murdoch,Jankiewicz,mjankiewiczl@twitpic.com,Male,80.171.220.29,9/23/1964,64,true
23,Tonnie,Hastin,thastinm@goodreads.com,Male,209.79.142.56,2/23/2006,44,false
24,Rosalynd,Harmston,rharmstonn@aboutads.info,Female,205.212.146.27,3/9/1988,68,true
25,Kipper,Scarman,kscarmano@mashable.com,Male,186.241.48.225,5/6/1973,75,true
26,Annice,Treffrey,atreffreyp@123-reg.co.uk,Female,132.132.72.252,1/5/2002,24,true
27,Marietta,Oldaker,moldakerq@pinterest.com,Male,142.203.13.132,6/10/1995,16,true
28,Bryna,Mullaly,bmullalyr@sakura.ne.jp,Female,138.144.18.89,8/22/1979,86,false
29,Delaney,Bortoloni,dbortolonis@de.vu,Male,132.63.48.144,5/11/1966,A75,false
30,Rolland,Bautiste,rbautistet@apple.com,Male,92.129.162.197,9/26/1966,46,false
31,Shari,Tunney,stunneyu@yolasite.com,Female,28.213.38.232,2/14/2015,11,false
32,Thaine,Halversen,thalversenv@amazon.de,Male,211.78.217.87,5/2/1967,70,false
33,Hilary,Preedy,hpreedyw@ameblo.jp,Female,57.180.135.57,7/1/1990,11,true
34,Pippo,Armatage,parmatagex@virginia.edu,Male,30.134.72.42,11/12/1971,13,true
35,Gustavus,Barts,gbartsy@narod.ru,Male,230.140.196.41,12/1/1953,85,true
36,Merrie,Dunkley,mdunkleyz@boston.com,Female,117.188.82.9,9/29/1993,23,true
37,Willamina,Lambol,wlambol10@jugem.jp,Female,236.31.84.38,2/25/1983,I89,false
38,Gerhardt,Lattie,glattie11@nbcnews.com,Male,149.106.234.180,1/13/1976,2,true
39,Monti,Cicerone,mcicerone12@friendfeed.com,Male,59.163.252.145,7/8/2003,91,true
40,Freeman,Roads,froads13@cocolog-nifty.com,Male,47.150.172.121,11/10/1997,95,false
41,Marcus,Stennine,mstennine14@toplist.cz,Male,158.52.66.23,7/2/1958,Q92,true
42,Concettina,Bigglestone,cbigglestone15@mapquest.com,Female,39.200.191.73,11/3/1970,21,true
43,Ignacius,Svanini,isvanini16@scientificamerican.com,Male,115.70.2.77,6/5/1983,22,false
44,Colby,Bourrel,cbourrel17@ow.ly,Male,35.92.32.211,8/31/1989,88,true
45,Brigham,Charrette,bcharrette18@ezinearticles.com,Male,180.182.95.28,8/28/1969,4,false
46,Matias,Arnault,marnault19@hhs.gov,Male,54.163.14.47,12/3/1978,45,true
47,Emanuele,Forcade,eforcade1a@seattletimes.com,Male,53.158.212.202,5/23/1993,30,false
48,Mariele,Dominy,mdominy1b@dot.gov,Female,200.102.122.196,9/26/1952,79,true
49,Whitney,Rowly,wrowly1c@stumbleupon.com,Male,186.110.31.100,12/31/1953,13,true
50,Westbrooke,Norledge,wnorledge1d@creativecommons.org,Male,39.221.42.189,9/29/1951,90,true
51,Felita,Clinning,fclinning1e@icq.com,Female,43.137.229.83,8/20/1969,93,true
52,Georgeanna,Gingle,ggingle1f@list-manage.com,Female,252.102.165.178,3/24/1984,10,true
53,Brynn,Castells,bcastells1g@jimdo.com,Female,234.180.58.26,4/30/1989,4,true
54,Tamqrah,Swinburn,tswinburn1h@last.fm,Female,44.181.244.70,3/23/2011,42,false
55,Laureen,Clawe,lclawe1i@japanpost.jp,Female,107.214.80.155,10/11/1984,74,false
56,Arabella,Yosevitz,ayosevitz1j@arstechnica.com,Female,8.91.0.219,4/13/1976,33,true
57,Bryant,Straneo,bstraneo1k@spiegel.de,Male,223.228.176.128,7/28/2013,28,true
58,Jamaal,Redding,jredding1l@paginegialle.it,Male,49.19.88.210,11/15/1966,38,false
59,Wadsworth,Parratt,wparratt1m@reference.com,Male,111.204.143.128,7/31/1980,43,false
60,Leigh,Koche,lkoche1n@github.com,Female,121.15.179.176,11/1/1972,31,false
61,Hasheem,Thurlby,hthurlby1o@stanford.edu,Male,248.97.205.212,6/6/1996,75,false
62,Benjamin,Showler,bshowler1p@yolasite.com,Male,38.93.42.238,2/26/1952,71,true
63,Ludovico,Bigland,lbigland1q@woothemes.com,Male,208.102.36.215,3/3/2009,61,false
64,Rea,Spragge,rspragge1r@indiatimes.com,Female,12.152.93.62,5/23/1990,49,true
65,Bren,Crop,bcrop1s@webmd.com,Female,231.231.244.125,12/13/1996,90,false
66,Reider,Mapston,rmapston1t@reverbnation.com,Male,46.180.248.225,7/25/1976,17,true
67,Felecia,Kinforth,fkinforth1u@hud.gov,Female,238.92.254.28,7/29/1981,23,false
68,Sigismond,MacVay,smacvay1v@chicagotribune.com,Male,74.242.126.94,8/20/2011,8,false
69,Hilliard,Flay,hflay1w@usnews.com,Male,241.126.106.206,1/9/1998,16,false
70,Hank,Iacovolo,hiacovolo1x@admin.ch,Male,3.11.47.143,12/6/1953,49,false
71,Kenyon,Tarrier,ktarrier1y@sogou.com,Male,158.173.249.191,8/3/1966,21,false
72,Parke,Beecroft,pbeecroft1z@nhs.uk,Male,209.242.94.61,7/21/2004,89,false
73,Roley,Rainger,rrainger20@yahoo.com,Male,58.34.21.13,6/24/1970,70,false
74,Nell,Stemp,nstemp21@mlb.com,Female,93.129.140.157,8/1/2009,71,false
75,Euell,Veasey,eveasey22@nih.gov,Male,34.131.21.205,2/13/1957,3,true
76,Randal,Oubridge,roubridge23@google.ru,Male,225.221.97.198,4/22/2013,95,false
77,Uriel,Bulter,ubulter24@woothemes.com,Male,170.164.232.57,2/6/1993,77,false
78,Jeanelle,Pickover,jpickover25@mysql.com,Female,188.88.9.96,5/29/2012,6,false
79,Alasdair,Crysell,acrysell26@lycos.com,Male,175.34.76.3,4/13/1962,40,true
80,Thayne,Heaselgrave,theaselgrave27@huffingtonpost.com,Male,249.122.231.161,5/25/1987,85,false
81,Olvan,Robiot,orobiot28@twitpic.com,Male,162.153.181.198,5/22/2008,53,false
82,Mirelle,Chamley,mchamley29@barnesandnoble.com,Female,153.24.231.222,1/31/1957,44,true
83,Chase,Getley,cgetley2a@meetup.com,Male,46.36.79.201,1/30/1973,51,false
84,Nickolai,Phillips,nphillips2b@histats.com,Male,170.157.183.207,8/29/2006,77,true
85,Tamarra,Orange,torange2c@sbwire.com,Female,143.22.227.200,11/19/2005,9,false
86,Grady,Fretwell,gfretwell2d@yahoo.com,Male,178.226.168.214,10/23/1962,80,false
87,Garrek,Rounsefell,grounsefell2e@unc.edu,Male,122.195.19.221,4/16/1965,13,true
88,Padgett,Galloway,pgalloway2f@wunderground.com,Male,170.103.132.222,5/23/1991,54,true
89,Devan,Straine,dstraine2g@icio.us,Female,87.10.159.202,10/2/1964,41,true
90,Barbey,Blandamore,bblandamore2h@intel.com,Female,65.148.43.110,10/21/1971,82,true
91,Nana,Eagle,neagle2i@spiegel.de,Female,170.104.10.121,6/23/2008,21,true
92,Patten,Yon,pyon2j@biblegateway.com,Male,163.209.57.125,7/22/1959,21,false
93,Flemming,Mayman,fmayman2k@berkeley.edu,Male,74.48.120.116,5/31/1973,72,false
94,Ruperto,Betser,rbetser2l@soup.io,Male,41.179.47.82,5/12/1954,89,false
95,Jeramie,Dionsetti,jdionsetti2m@dagondesign.com,Male,98.59.166.5,4/6/1962,73,true
96,Carl,Gurley,cgurley2n@github.io,Male,248.172.60.37,12/23/1961,34,true
97,Talbot,Wooderson,twooderson2o@hugedomains.com,Male,255.228.153.141,5/21/1972,73,false
98,Shir,Hovenden,shovenden2p@t-online.de,Female,136.6.22.154,4/26/2001,25,true
99,Maurine,Craven,mcraven2q@wikipedia.org,Female,0.128.145.32,12/28/2000,22,false
100,Ransom,Perrington,rperrington2r@epa.gov,Male,43.10.111.161,7/4/2007,62,true
